{"spot_diameter_fullres": 257.4048438251861, "tissue_hires_scalef": 0.04912436, "fiducial_diameter_fullres": 415.8078246406852, "tissue_lowres_scalef": 0.014737307}